ID,Text_lang[0],Text_lang[1],Text_lang[2],Text_lang[3],Text_lang[4],Text_lang[5],Text_lang[6],Text_lang[7],Text_lang_mask
109,"With arms flapping, %s struts around you.  Cluck, Cluck, Chicken!",,,,,,,,7274526
115,You chuckle at %s.,,,,,,,,7274526
117,You let out a hearty chuckle.,,,,,,,,7274526
118,%s claps excitedly for %s.,,,,,,,,7274526
120,You clap excitedly for %s.,,,,,,,,7274526
121,%s claps excitedly.,,,,,,,,7274526
123,%s looks at %s with a confused look.,,,,,,,,7274526
125,You look at %s with a confused look.,,,,,,,,7274526
127,You are hopelessly confused.,,,,,,,,7274526
128,%s congratulates %s.,,,,,,,,7274526
129,%s congratulates you.,,,,,,,,7274526
131,%s congratulates everyone.,,,,,,,,7274526
137,You let out a hacking cough.,,,,,,,,7274526
141,%s cowers in fear.,,,,,,,,7274526
142,You cower in fear.,,,,,,,,7274526
147,You crack your knuckles.,,,,,,,,7274526
149,%s cracks her knuckles while staring at you.,,,,,,,,7274526
150,%s cracks her knuckles.,,,,,,,,7274526
151,%s cringes away from %s.,,,,,,,,7274526
152,%s cringes away from you.,,,,,,,,7274526
159,%s cries.,,,,,,,,7274526
162,%s is curious what you are up to.,,,,,,,,7274526
168,%s curtsies before you.,,,,,,,,7274526
175,%s bursts into dance.,,,,,,,,7274526
177,%s raises a drink to %s.  Cheers!,,,,,,,,7274526
181,You raise a drink in the air before chugging it down.  Cheers!,,,,,,,,7274526
186,A tendril of drool runs down your lip.,,,,,,,,7274526
190,%s begins to eat.,,,,,,,,7274526
195,%s looks at you with crossed eyes.,,,,,,,,7274526
199,You brush up against %s and fart loudly.,,,,,,,,7274526
206,You fidget.,,,,,,,,7274526
209,You flex at %s.  Oooooh so strong!,,,,,,,,7274526
216,%s frowns.,,,,,,,,7274526
217,You frown.,,,,,,,,7274526
221,%s gasps.,,,,,,,,7274526
222,You gasp.,,,,,,,,7274526
228,%s giggles at %s.,,,,,,,,7274526
231,%s giggles.,,,,,,,,7274526
236,%s glares angrily.,,,,,,,,7274526
243,%s greets %s warmly.,,,,,,,,7274526
246,%s greets everyone warmly.,,,,,,,,7274526
248,%s grins wickedly at %s.,,,,,,,,7274526
252,You grin wickedly.,,,,,,,,7274526
253,%s looks at %s and groans.,,,,,,,,7274526
258,%s grovels before %s like a subservient peon.,,,,,,,,7274526
261,"%s grovels on the ground, wallowing in subservience.",,,,,,,,7274526
264,%s takes one look at you and lets out a guffaw!,,,,,,,,7274526
267,You let out a boisterous guffaw!,,,,,,,,7274526
268,%s hails %s.,,,,,,,,7274526
269,%s hails you.,,,,,,,,7274526
273,%s hails everyone around her.,,,,,,,,7274526
277,%s is filled with happiness!,,,,,,,,7274526
278,You are filled with happiness!,,,,,,,,7274526
280,%s greets you with a hearty hello!,,,,,,,,7274526
285,%s hugs you.,,,,,,,,7274526
287,%s needs a hug!,,,,,,,,7274526
292,%s is hungry!,,,,,,,,7274526
293,You are hungry!,,,,,,,,7274526
294,%s blows %s a kiss.,,,,,,,,7274526
297,%s blows a kiss into the wind.,,,,,,,,7274526
302,%s kneels down.,,,,,,,,7274526
307,%s laughs.,,,,,,,,7274526
308,You laugh.,,,,,,,,7274526
309,%s lies down before %s.,,,,,,,,7274526
312,%s lies down.,,,,,,,,7274526
313,You lie down.,,,,,,,,7274526
319,%s moans suggestively at %s.,,,,,,,,7274526
322,%s moans suggestively.,,,,,,,,7274526
324,%s drops his trousers and moons %s.,,,,,,,,7274526
330,%s drops her trousers and moons you.,,,,,,,,7274526
334,"In quiet contemplation, you mourn the death of %s.",,,,,,,,7274526
339,You tell %s NO.  Not going to happen.,,,,,,,,7274526
345,%s nods.,,,,,,,,7274526
348,%s picks his nose and shows it to you.,,,,,,,,7274526
353,%s picks her nose and shows it to you.,,,,,,,,7274526
358,You run around in a frenzied state of panic.,,,,,,,,7274526
364,%s pleads with %s.,,,,,,,,7274526
375,%s pokes %s.  Hey!,,,,,,,,7274526
376,%s pokes you.  Hey!,,,,,,,,7274526
379,You poke your belly and giggle.,,,,,,,,7274526
380,%s pokes her belly and giggles.,,,,,,,,7274526
381,%s says a prayer for %s.,,,,,,,,7274526
385,You pray to the Gods.,,,,,,,,7274526
387,%s roars with bestial vigor at you.  So fierce!,,,,,,,,7274526
392,%s rolls on the floor laughing at you.,,,,,,,,7274526
396,%s makes a rude gesture at %s.,,,,,,,,7274526
403,You salute %s with respect.,,,,,,,,7274526
404,%s stands at attention and salutes.,,,,,,,,983070
405,You stand at attention and salute.,,,,,,,,7274526
411,"%s scratches herself.  Ah, much better!",,,,,,,,7274526
414,You think %s is a sexy devil.,,,,,,,,7274526
419,%s shakes his rear at you.,,,,,,,,7274526
425,%s shakes her rear.,,,,,,,,7274526
426,%s shouts at %s.,,,,,,,,7274526
427,%s shouts at you.,,,,,,,,7274526
429,%s shouts.,,,,,,,,7274526
430,You shout.,,,,,,,,7274526
438,You shy away from %s.,,,,,,,,7274526
439,%s is so shy!,,,,,,,,7274526
442,%s sighs at you.,,,,,,,,7274526
446,,,,,,,,,7274496
447,,,,,,,,,7274496
449,You fall asleep.  Zzzzzzz.,,,,,,,,7274526
450,%s bares his teeth and snarls at %s.,,,,,,,,7274526
455,%s bares her teeth and snarls at %s.,,,,,,,,7274526
457,%s bares her teeth and snarls.,,,,,,,,7274526
458,%s spits on %s.,,,,,,,,7274526
462,You spit on the ground.,,,,,,,,7274526
466,%s stares off into the distance.,,,,,,,,7274526
471,%s is so surprised!,,,,,,,,7274526
478,%s surrenders to her opponents.,,,,,,,,7274526
481,You want to talk things over with %s.,,,,,,,,7274526
486,%s talks excitedly with you.,,,,,,,,7274526
487,You talk excitedly with %s.,,,,,,,,7274526
494,You want to know the meaning of life.,,,,,,,,7274526
496,%s taps his foot as he waits for you.,,,,,,,,7274526
503,%s thanks %s.,,,,,,,,7274526
509,%s threatens you with the wrath of doom.,,,,,,,,7274526
513,%s lets %s know that he is tired.,,,,,,,,7274526
517,You let everyone know that you are tired.,,,,,,,,7274526
519,%s lets you know that she is tired.,,,,,,,,7274526
521,%s basks in the glory of victory with %s.,,,,,,,,7274526
523,You bask in the glory of victory with %s.,,,,,,,,7274526
530,You wave.,,,,,,,,7274526
534,%s welcomes everyone.,,,,,,,,7274526
535,You welcome everyone.,,,,,,,,7274526
537,%s whines pathetically at you.,,,,,,,,7274526
540,You whine pathetically.,,,,,,,,7274526
546,%s works with %s.,,,,,,,,7274526
550,You begin to work.,,,,,,,,7274526
551,%s yawns sleepily at %s.,,,,,,,,7274526
554,%s yawns sleepily.,,,,,,,,7274526
555,You yawn sleepily.,,,,,,,,7274526
559,%s boggles at the situation.,,,,,,,,7274526
560,You boggle at the situation.,,,,,,,,7274526
562,%s tries to calm you down.,,,,,,,,7274526
572,%s lets you know that she is cold.,,,,,,,,7274526
573,%s lets everyone know that she is cold.,,,,,,,,7274526
574,%s comforts %s.,,,,,,,,7274526
580,%s cuddles up against you.,,,,,,,,7274526
583,You need to be cuddled.,,,,,,,,7274526
592,%s thinks everyone around him is a son of a motherless ogre.,,,,,,,,7274526
597,You introduce yourself to %s.,,,,,,,,7274526
601,%s introduces herself to you.,,,,,,,,7274526
610,%s licks %s.,,,,,,,,7274526
611,%s licks you.,,,,,,,,7274526
612,You lick %s.,,,,,,,,7274526
614,You lick your lips.,,,,,,,,7274526
616,%s listens intently to %s.,,,,,,,,7274526
622,%s wants you to know that he is hopelessly lost.,,,,,,,,7274526
628,%s mocks the foolishness of %s.,,,,,,,,7274526
633,%s ponders %s's actions.,,,,,,,,7274526
637,You ponder the situation.,,,,,,,,7274526
1,%s agrees with %s.,,,,,,,,7274526
3,You agree with %s.,,,,,,,,7274526
4,%s agrees.,,,,,,,,7274526
6,%s is amazed by %s!,,,,,,,,7274526
8,You are amazed by %s!,,,,,,,,7274526
9,%s is amazed!,,,,,,,,7274526
10,You are amazed!,,,,,,,,7274526
13,You raise your fist in anger at %s.,,,,,,,,7274526
14,%s raises his fist in anger.,,,,,,,,7274526
15,You raise your fist in anger.,,,,,,,,7274526
16,%s raises her fist in anger at %s.,,,,,,,,7274526
17,%s raises her fist in anger at you.,,,,,,,,7274526
21,You apologize to %s.  Sorry!,,,,,,,,7274526
22,%s apologizes to everyone.  Sorry!,,,,,,,,7274526
25,%s applauds at you.  Bravo!,,,,,,,,7274526
26,You applaud at %s.  Bravo!,,,,,,,,7274526
27,%s applauds.  Bravo!,,,,,,,,7274526
32,%s is bashful.,,,,,,,,7274526
36,You beckon %s over.,,,,,,,,7274526
37,%s beckons everyone over.,,,,,,,,7274526
39,%s begs %s.  How pathetic.,,,,,,,,7274526
49,You look around for someone to bite.,,,,,,,,7274526
52,%s blinks at %s.,,,,,,,,7274526
53,%s blinks at you.,,,,,,,,7274526
55,%s blinks.,,,,,,,,7274526
57,%s blushes at %s.,,,,,,,,7274526
61,You blush.,,,,,,,,7274526
63,%s bonks you on the noggin.  Doh!,,,,,,,,7274526
68,%s is terribly bored with %s.,,,,,,,,7274526
72,You are overcome with boredom.  Oh the drudgery!,,,,,,,,7274526
73,%s bounces up and down in front of %s.,,,,,,,,7274526
76,%s bounces up and down.,,,,,,,,7274526
81,%s will be right back.,,,,,,,,7274526
83,%s bows before %s.,,,,,,,,7274526
84,%s bows before you.,,,,,,,,7274526
88,%s burps rudely in %s's face.,,,,,,,,7274526
91,%s lets out a loud belch.,,,,,,,,7274526
96,%s waves goodbye to everyone.  Farewell!,,,,,,,,7274526
325,%s drops his trousers and moons you.,,,,,,,,7274526
327,%s drops his trousers and moons everyone.,,,,,,,,7274526
329,%s drops her trousers and moons %s.,,,,,,,,7274526
331,%s drops her trousers and moons everyone.,,,,,,,,7274526
343,%s nods at you.,,,,,,,,7274526
346,You nod.,,,,,,,,7274526
347,%s picks his nose and shows it to %s.,,,,,,,,7274526
349,You pick your nose and show it to %s.,,,,,,,,7274526
351,"With a finger deep in one nostril, you pass the time.",,,,,,,,7274526
354,%s takes one look at %s and panics.,,,,,,,,7274526
356,You take one look at %s and panic.,,,,,,,,7274526
359,%s peers at %s searchingly.,,,,,,,,7274526
361,You peer at %s searchingly.,,,,,,,,7274526
363,"You peer around, searchingly.",,,,,,,,7274526
367,%s drops to his knees and pleads in desperation.,,,,,,,,983070
233,%s glares angrily at %s.,,,,,,,,7274526
234,%s glares angrily at you.,,,,,,,,7274526
639,%s pounces on top of you.,,,,,,,,7274526
640,You pounce on top of %s.,,,,,,,,7274526
642,You pounce out from the shadows.,,,,,,,,7274526
644,%s lavishes praise upon you.,,,,,,,,7274526
647,You praise the Light.,,,,,,,,7274526
648,%s purrs at %s.,,,,,,,,7274526
651,%s purrs like a kitten.,,,,,,,,7274526
652,You purr like a kitten.,,,,,,,,7274526
653,%s is puzzled by %s.,,,,,,,,7274526
661,%s raises his hand in the air.,,,,,,,,7274526
665,%s raises her hand in the air.,,,,,,,,7274526
668,You let %s know that you are ready!,,,,,,,,7274526
669,%s lets everyone know that he is ready!,,,,,,,,7274526
673,%s shimmies before %s.,,,,,,,,7274526
682,You shiver in your boots. Chilling!,,,,,,,,7274526
683,%s shivers in her boots. Chilling!,,,,,,,,7274526
686,You shoo %s away. Be gone pest!,,,,,,,,7274526
701,%s sniffs you.,,,,,,,,7274526
729,%s teases %s.,,,,,,,,7274526
174,You dance with %s.,,,,,,,,7274526
160,You cry.,,,,,,,,7274526
187,%s begins to eat in front of %s.,,,,,,,,7274526
188,%s begins to eat rations in front of you.,,,,,,,,7274526
191,You begin to eat.,,,,,,,,7274526
295,%s blows you a kiss.,,,,,,,,7274526
298,You blow a kiss into the wind.,,,,,,,,7274526
304,%s laughs at %s.,,,,,,,,7274526
305,%s laughs at you.,,,,,,,,7274526
371,%s points at you.,,,,,,,,7274526
374,You point over yonder.,,,,,,,,7274526
390,You roar with bestial vigor.  So fierce!,,,,,,,,7274526
400,You make a rude gesture.,,,,,,,,7274526
437,%s shies away from you.,,,,,,,,7274526
797,%s looks down upon %s with pity.,,,,,,,,983070
799,You look down upon %s with pity.,,,,,,,,983070
801,%s pities those around her.,,,,,,,,983070
804,%s growls menacingly at you.,,,,,,,,983070
806,%s growls menacingly.,,,,,,,,983070
807,You growl menacingly.,,,,,,,,983070
809,%s barks at you.,,,,,,,,983070
811,%s barks. Woof woof!,,,,,,,,983070
817,%s is scared of %s.,,,,,,,,983070
818,%s is scared of you.,,,,,,,,983070
819,You are scared of %s.,,,,,,,,983070
820,%s is scared!,,,,,,,,983070
821,You are scared!,,,,,,,,983070
822,%s flops about helplessly around %s.,,,,,,,,983070
823,%s flops about helplessly around you.,,,,,,,,983070
824,You flop about helplessly around %s.,,,,,,,,983070
825,%s flops about helplessly.,,,,,,,,983070
826,You flop about helplessly.,,,,,,,,983070
831,You feel the love.,,,,,,,,983070
833,%s moos at you. Mooooooooooo.,,,,,,,,983070
834,You moo at %s. Mooooooooooo.,,,,,,,,983070
836,Mooooooooooo.,,,,,,,,983070
440,You are so shy!,,,,,,,,7274526
443,You sigh at %s.,,,,,,,,7274526
448,%s falls asleep. Zzzzzzz.,,,,,,,,7274526
490,%s questions %s.,,,,,,,,7274526
499,You tap your foot.  Hurry up already!,,,,,,,,7274526
501,%s taps her foot as she waits for you.,,,,,,,,7274526
506,%s thanks everyone.,,,,,,,,7274526
508,%s threatens %s with the wrath of doom.,,,,,,,,7274526
511,%s threatens everyone with the wrath of doom.,,,,,,,,7274526
514,%s lets you know that he is tired.,,,,,,,,7274526
518,%s lets %s know that she is tired.,,,,,,,,7274526
522,%s basks in the glory of victory with you.,,,,,,,,7274526
529,%s waves.,,,,,,,,7274526
536,%s whines pathetically at %s.,,,,,,,,7274526
538,You whine pathetically at %s.,,,,,,,,7274526
544,%s lets forth a sharp whistle.,,,,,,,,7274526
552,%s yawns sleepily at you.,,,,,,,,7274526
556,%s boggles at %s.,,,,,,,,7274526
561,%s tries to calm %s down.,,,,,,,,7274526
568,You let %s know that you are cold.,,,,,,,,7274526
579,%s cuddles up against %s.,,,,,,,,7274526
582,%s needs cuddling.,,,,,,,,7274526
310,%s lies down before you.,,,,,,,,7274526
373,%s points over yonder.,,,,,,,,7274526
378,%s pokes his belly and giggles.,,,,,,,,7274526
383,You say a prayer for %s.,,,,,,,,7274526
388,You roar with bestial vigor at %s.  So fierce!,,,,,,,,7274526
399,%s makes a rude gesture.,,,,,,,,7274526
407,%s scratches you.  How catty!,,,,,,,,7274526
413,%s thinks you are a sexy devil.,,,,,,,,7274526
418,%s shakes his rear at %s.,,,,,,,,7274526
423,%s shakes her rear at %s.,,,,,,,,7274526
432,%s shrugs at you.  Who knows?,,,,,,,,7274526
441,%s sighs at %s.,,,,,,,,7274526
445,"You let out a long, drawn-out sigh.",,,,,,,,7274526
453,%s bares his teeth and snarls.,,,,,,,,7274526
460,You spit on %s.,,,,,,,,7274526
468,%s is suprised by %s's actions.,,,,,,,,7274526
485,%s talks excitedly with %s.,,,,,,,,7274526
694,%s slaps herself across the face. Ouch!,,,,,,,,7274526
700,%s sniffs %s.,,,,,,,,7274526
702,You sniff %s.,,,,,,,,7274526
704,You sniff the air around you.,,,,,,,,7274526
705,%s sniffs the air around her.,,,,,,,,7274526
714,"You soothe %s. There, there...things will be ok.",,,,,,,,983070
718,"%s smells you. Wow, someone stinks!",,,,,,,,7274526
730,%s teases you.,,,,,,,,7274526
731,You tease %s.,,,,,,,,7274526
732,%s is such a tease.,,,,,,,,7274526
733,You are such a tease.,,,,,,,,7274526
737,%s is so thirsty. Can anyone spare a drink?,,,,,,,,7274526
739,%s lets %s know she is thirsty. Spare a drink?,,,,,,,,7274526
743,You veto %s's motion.,,,,,,,,7274526
746,%s snickers at %s.,,,,,,,,7274526
748,You snicker at %s.,,,,,,,,7274526
750,You quietly snicker to yourself.,,,,,,,,7274526
751,%s quietly snickers to herself.,,,,,,,,7274526
752,%s tickles %s.  Hee hee!,,,,,,,,7274526
34,%s beckons %s over.,,,,,,,,7274526
50,Blood oozes from %s's wounds.,,,,,,,,7274526
51,Blood oozes from your wounds.,,,,,,,,7274526
54,You blink at %s.,,,,,,,,7274526
59,You blush at %s.,,,,,,,,7274526
86,%s bows down graciously.,,,,,,,,7274526
87,You bow down graciously.,,,,,,,,7274526
30,%s is so bashful...too bashful to get your attention.,,,,,,,,7274526
31,You are so bashful...too bashful to get %s's attention.,,,,,,,,7274526
40,%s begs you.  How pathetic.,,,,,,,,7274526
47,You bite %s.  Ouch!,,,,,,,,7274526
69,%s is terribly bored with you.,,,,,,,,7274526
71,%s is overcome with boredom.  Oh the drudgery!,,,,,,,,7274526
74,%s bounces up and down in front of you.,,,,,,,,7274526
75,You bounce up and down in front of %s.,,,,,,,,7274526
89,%s burps rudely in your face.,,,,,,,,7274526
95,You wave goodbye to %s.  Farewell!,,,,,,,,7274526
98,%s cackles maniacally at %s.,,,,,,,,7274526
99,%s cackles maniacally at you.,,,,,,,,7274526
113,%s chuckles at %s.,,,,,,,,7274526
317,%s needs a massage!,,,,,,,,7274526
463,%s stares %s down.,,,,,,,,7274526
465,You stare %s down.,,,,,,,,7274526
472,You are so surprised!,,,,,,,,7274526
476,%s surrenders to his opponents.,,,,,,,,7274526
480,%s wants to talk things over with you.,,,,,,,,7274526
491,%s questions you.,,,,,,,,7274526
615,%s licks her lips.,,,,,,,,7274526
755,%s wants to be tickled.  Hee hee!,,,,,,,,7274526
104,%s cheers at you.,,,,,,,,7274526
106,%s cheers!,,,,,,,,7274526
107,You cheer!,,,,,,,,7274526
111,"With arms flapping, %s struts around.  Cluck, Cluck, Chicken!",,,,,,,,7274526
134,%s coughs at you.,,,,,,,,7274526
135,You cough at %s.,,,,,,,,7274526
140,You cower in fear at the sight of %s.,,,,,,,,7274526
758,%s plays the world's smallest violin for you.,,,,,,,,7274526
763,%s smiles at you.,,,,,,,,7274526
765,%s smiles.,,,,,,,,7274526
766,You smile.,,,,,,,,7274526
779,%s makes a rude gesture at you.,,,,,,,,7274526
781,%s makes a rude gesture.,,,,,,,,7274526
171,You curtsey.,,,,,,,,7274526
172,%s dances with %s.,,,,,,,,7274526
225,You gaze eagerly at %s.,,,,,,,,7274526
402,%s salutes you with respect.,,,,,,,,7274526
504,%s thanks you.,,,,,,,,7274526
505,You thank %s.,,,,,,,,7274526
594,%s thinks everyone around her is a son of a motherless ogre.,,,,,,,,7274526
526,%s waves at %s.,,,,,,,,7274526
528,You wave at %s.,,,,,,,,7274526
531,%s welcomes %s.,,,,,,,,7274526
533,You welcome %s.,,,,,,,,7274526
543,You whistle at %s.,,,,,,,,7274526
545,You let forth a sharp whistle.,,,,,,,,7274526
366,You plead with %s.,,,,,,,,7274526
370,%s points at %s.,,,,,,,,7274526
154,%s cringes in fear.,,,,,,,,7274526
155,You cringe in fear.,,,,,,,,7274526
161,%s is curious what %s is up to.,,,,,,,,7274526
163,You are curious what %s is up to.,,,,,,,,7274526
165,You express your curiosity to those around you.,,,,,,,,7274526
166,%s expresses her curiosity to everyone.,,,,,,,,7274526
169,You curtsey before %s.,,,,,,,,7274526
170,%s curtsies.,,,,,,,,7274526
178,%s raises a drink to you.  Cheers!,,,,,,,,7274526
179,You raise a drink to %s.  Cheers!,,,,,,,,7274526
182,%s looks at %s and begins to drool.,,,,,,,,7274526
183,%s looks at you and begins to drool.,,,,,,,,7274526
192,%s eyes %s up and down.,,,,,,,,7274526
193,%s eyes you up and down.,,,,,,,,7274526
194,You eye %s up and down.,,,,,,,,7274526
213,%s frowns with disappointment at %s.,,,,,,,,7274526
565,You remain calm.,,,,,,,,7274526
566,%s lets %s know that he is cold.,,,,,,,,7274526
569,%s lets everyone know that he is cold.,,,,,,,,7274526
570,You let everyone know that you are cold.,,,,,,,,7274526
571,%s lets %s know that she is cold.,,,,,,,,7274526
575,%s comforts you.,,,,,,,,7274526
576,You comfort %s.,,,,,,,,7274526
577,%s needs comforting.,,,,,,,,7274526
585,%s ducks behind you.,,,,,,,,7274526
586,You duck behind %s.,,,,,,,,7274526
587,%s ducks for cover.,,,,,,,,7274526
596,%s introduces himself to you.,,,,,,,,7274526
599,You introduce yourself to everyone.,,,,,,,,7274526
600,%s introduces herself to %s.,,,,,,,,7274526
827,%s loves %s.,,,,,,,,983070
828,%s loves you.,,,,,,,,983070
829,You love %s.,,,,,,,,983070
830,%s feels the love.,,,,,,,,983070
837,%s commends %s on a job well done.,,,,,,,,983070
839,You commend %s on a job well done.,,,,,,,,983070
840,%s commends everyone on a job well done.,,,,,,,,983070
584,%s ducks behind %s.,,,,,,,,7274526
598,%s introduces himself to everyone.,,,,,,,,7274526
609,%s lets you know that she was just kidding!,,,,,,,,7274526
619,%s is listening!,,,,,,,,7274526
627,%s wants you to know that she is hopelessly lost.,,,,,,,,7274526
638,%s pounces on top of %s.,,,,,,,,7274526
20,%s apologizes to you.  Sorry!,,,,,,,,7274526
24,%s applauds at %s.  Bravo!,,,,,,,,7274526
29,%s is so bashful...too bashful to get %s's attention.,,,,,,,,7274526
38,You beckon everyone over to you.,,,,,,,,7274526
44,%s begs everyone around her.  How pathetic.,,,,,,,,7274526
56,You blink your eyes.,,,,,,,,7274526
62,%s bonks %s on the noggin.  Doh!,,,,,,,,7274526
65,%s bonks his own noggin.  Doh!,,,,,,,,7274526
67,%s bonks her own noggin.  Doh!,,,,,,,,7274526
77,You bounce up and down.,,,,,,,,7274526
82,You let everyone know you'll be right back.,,,,,,,,7274526
92,You let out a loud belch.,,,,,,,,7274526
105,You cheer at %s.,,,,,,,,7274526
114,%s chuckles at you.,,,,,,,,7274526
130,You congratulate %s.,,,,,,,,7274526
133,%s coughs at %s.,,,,,,,,7274526
143,%s cracks his knuckles while staring at %s.,,,,,,,,7274526
146,%s cracks his knuckles.,,,,,,,,7274526
148,%s cracks her knuckles while staring at %s.,,,,,,,,7274526
742,%s vetoes your motion.,,,,,,,,7274526
618,You listen intently to %s.,,,,,,,,7274526
620,You are listening!,,,,,,,,7274526
621,%s wants %s to know that he is hopelessly lost.,,,,,,,,7274526
635,You ponder %s's actions.,,,,,,,,7274526
636,%s ponders the situation.,,,,,,,,7274526
654,%s puzzled by you. What are you doing?,,,,,,,,7274526
655,You are puzzled by %s.,,,,,,,,7274526
657,You are puzzled. What's going on here?,,,,,,,,7274526
658,%s looks at %s and raises his hand in the air.,,,,,,,,7274526
662,You raise your hand in the air.,,,,,,,,7274526
663,%s looks at %s and raises her hand in the air.,,,,,,,,7274526
666,%s lets %s know that he is ready!,,,,,,,,7274526
687,%s shoos the measly pests away.,,,,,,,,7274526
688,You shoo the measly pests away.,,,,,,,,7274526
691,You slap %s across the face. Ouch!,,,,,,,,7274526
692,%s slaps himself across the face. Ouch!,,,,,,,,7274526
695,%s smirks slyly at %s.,,,,,,,,7274526
696,%s smirks slyly at you.,,,,,,,,7274526
698,A sly smirk spreads across %s's face.,,,,,,,,7274526
699,A sly smirk spreads across your face.,,,,,,,,7274526
709,%s snubs all of the lowly peons around him.,,,,,,,,7274526
710,You snub all of the lowly peons around you.,,,,,,,,7274526
712,"%s soothes %s. There, there...things will be ok.",,,,,,,,983070
713,"%s soothes you. There, there...things will be ok.",,,,,,,,983070
716,You need to be soothed.,,,,,,,,7274526
724,%s makes a taunting gesture at you. Bring it!,,,,,,,,7274526
727,You taunt everyone around you. Bring it fools!,,,,,,,,7274526
728,%s taunts everyone around her. Bring it fools!,,,,,,,,7274526
735,%s lets you know he is thirsty. Spare a drink?,,,,,,,,7274526
736,You let %s know you are thirsty. Spare a drink?,,,,,,,,7274526
741,%s vetoes %s's motion.,,,,,,,,7274526
299,%s kneels before %s.,,,,,,,,7274526
303,You kneel down.,,,,,,,,7274526
311,You lie down before %s.,,,,,,,,7274526
314,%s massages %s's shoulders.,,,,,,,,7274526
320,%s moans suggestively at you.,,,,,,,,7274526
323,You moan suggestively.,,,,,,,,7274526
369,%s drops to her knees and plead in desperation.,,,,,,,,7274526
220,You gasp at %s.,,,,,,,,7274526
223,%s gazes eagerly at %s.,,,,,,,,7274526
224,%s gazes eagerly at you.,,,,,,,,7274526
227,You gaze off into the distance.,,,,,,,,7274526
229,%s giggles at you.,,,,,,,,7274526
230,You giggle at %s.,,,,,,,,7274526
643,%s lavishes praise upon %s.,,,,,,,,7274526
649,%s purrs at you.,,,,,,,,7274526
660,You look at %s and raise your hand.,,,,,,,,7274526
675,You shimmy before %s.,,,,,,,,7274526
678,%s shivers beside %s. Chilling!,,,,,,,,7274526
689,%s slaps %s across the face. Ouch!,,,,,,,,7274526
707,%s snubs you.,,,,,,,,7274526
715,%s needs to be soothed.,,,,,,,,7274526
725,You make a taunting gesture at %s. Bring it!,,,,,,,,7274526
738,You are so thirsty. Can anyone spare a drink?,,,,,,,,7274526
747,%s snickers at you.,,,,,,,,7274526
28,You applaud.  Bravo!,,,,,,,,7274526
45,%s bites %s.  Ouch!,,,,,,,,7274526
58,%s blushes at you.,,,,,,,,7274526
80,You let %s know you'll be right back.,,,,,,,,7274526
41,You beg %s.  How pathetic.,,,,,,,,7274526
70,You are terribly bored with %s.,,,,,,,,7274526
90,You burp rudely in %s's face.,,,,,,,,7274526
102,You cackle maniacally at the situation.,,,,,,,,7274526
475,You surrender before %s.  Such is the agony of defeat...,,,,,,,,7274526
492,You question %s.,,,,,,,,7274526
756,You want to be tickled.  Hee hee!,,,,,,,,7274526
112,"With arms flapping, you strut around.  Cluck, Cluck, Chicken!",,,,,,,,7274526
810,You bark at %s,,,,,,,,983070
757,%s plays the world's smallest violin for %s.,,,,,,,,7274526
759,You play the world's smallest violin for %s.,,,,,,,,7274526
777,%s lets %s know that she is ready!,,,,,,,,7274526
838,%s commends you on a job well done.,,,,,,,,983070
841,You commend everyone on a job well done.,,,,,,,,983070
862,,,,,,,,,983040
863,,,,,,,,,983040
864,,,,,,,,,983040
865,%s cries out for help!,,,,,,,,983042
866,You cry out for help!,,,,,,,,983042
867,,,,,,,,,983040
868,,,,,,,,,983040
869,,,,,,,,,983040
870,%s yells incoming enemies!,,,,,,,,983042
871,You yell incoming enemies!,,,,,,,,983042
872,,,,,,,,,983040
873,,,,,,,,,983040
874,,,,,,,,,983040
875,%s starts to charge.,,,,,,,,983042
876,You start to charge.,,,,,,,,983042
879,,,,,,,,,983040
880,%s yells for you to flee!,,,,,,,,983042
882,%s tells you to attack %s.,,,,,,,,983042
883,%s tells everyone to attack you.,,,,,,,,983042
884,You tell everyone to attack %s.,,,,,,,,983042
885,%s tells you to attack something.,,,,,,,,983042
886,You tell everyone to attack something.,,,,,,,,983042
887,%s is low on mana.,,,,,,,,983042
888,You announce that you have low mana!,,,,,,,,983042
901,%s orders you to open fire.,,,,,,,,983042
902,You give the order to open fire.,,,,,,,,983042
905,You flirt with %s.,,,,,,,,983042
906,%s flirts.,,,,,,,,983042
749,%s quietly snickers to himself.,,,,,,,,7274526
754,You tickle %s.  Hee hee!,,,,,,,,7274526
93,%s waves goodbye to %s.  Farewell!,,,,,,,,7274526
100,You cackle maniacally at %s.,,,,,,,,7274526
318,You need a massage!,,,,,,,,7274526
469,%s is suprised by your actions.,,,,,,,,7274526
479,%s wants to talk things over with %s.,,,,,,,,7274526
484,%s talks to herself since no one else seems interested.,,,,,,,,7274526
103,%s cheers at %s!,,,,,,,,7274526
108,"With arms flapping, %s struts around %s.  Cluck, Cluck, Chicken!",,,,,,,,7274526
138,%s cowers in fear at the sight of %s.,,,,,,,,7274526
764,You smile at %s.,,,,,,,,7274526
778,%s makes a rude gesture at %s.,,,,,,,,7274526
782,You make a rude gesture.,,,,,,,,7274526
889,%s motions for %s to follow.,,,,,,,,983042
890,%s motions for you to follow.,,,,,,,,983042
893,You motion for everyone to follow.,,,,,,,,983042
877,,,,,,,,,983040
878,,,,,,,,,983040
881,You yell for everyone to flee!,,,,,,,,983042
894,%s asks %s to wait.,,,,,,,,983042
898,You ask everyone to wait.,,,,,,,,983042
910,You tell %s a joke.,,,,,,,,983042
116,%s lets out a hearty chuckle.,,,,,,,,7274526
122,You clap excitedly.,,,,,,,,7274526
136,%s lets out a hacking cough.,,,,,,,,7274526
145,You crack your knuckles while staring at %s.,,,,,,,,7274526
167,%s curtsies before %s.,,,,,,,,7274526
185,A tendril of drool runs down %s's lip.,,,,,,,,7274526
489,You talk excitedly with everyone.,,,,,,,,7274526
515,You let %s know that you are tired.,,,,,,,,7274526
520,%s lets everyone know that she is tired.,,,,,,,,7274526
525,You bask in the glory of victory.,,,,,,,,7274526
549,%s begins to work.,,,,,,,,7274526
613,%s licks his lips.,,,,,,,,7274526
623,You want %s to know that you are hopelessly lost.,,,,,,,,7274526
2,%s agrees with you.,,,,,,,,7274526
7,%s is amazed by you!,,,,,,,,7274526
12,%s raises his fist in anger at you.,,,,,,,,7274526
18,%s raises her fist in anger.,,,,,,,,7274526
23,You apologize to everyone.  Sorry!,,,,,,,,7274526
35,%s beckons you over.,,,,,,,,7274526
43,You beg everyone around you. How pathetic.,,,,,,,,7274526
60,%s blushes.,,,,,,,,7274526
196,You cross your eyes.,,,,,,,,7274526
205,%s fidgets.,,,,,,,,7274526
212,%s flexes her muscles.  Oooooh so strong!,,,,,,,,7274526
237,You glare angrily.,,,,,,,,7274526
245,You greet %s warmly.,,,,,,,,7274526
257,You begin to groan.,,,,,,,,7274526
259,%s grovels before you like a subservient peon.,,,,,,,,7274526
262,"You grovel on the ground, wallowing in subservience.",,,,,,,,7274526
266,%s lets out a boisterous guffaw!,,,,,,,,7274526
271,%s hails everyone around him.,,,,,,,,7274526
284,%s hugs %s.,,,,,,,,7274526
301,You kneel before %s.,,,,,,,,7274526
315,%s massages your shoulders.,,,,,,,,7274526
321,You moan suggestively at %s.,,,,,,,,7274526
326,You drop your trousers and moon %s.,,,,,,,,7274526
344,You nod at %s.,,,,,,,,7274526
350,%s passes the time with a finger deep in one nostril.,,,,,,,,7274526
357,%s runs around in a frenzied state of panic.,,,,,,,,7274526
362,"%s peers around, searchingly.",,,,,,,,7274526
368,You drop to your knees and plead in desperation.,,,,,,,,7274526
547,%s works with you.,,,,,,,,7274526
667,%s lets you know that he is ready!,,,,,,,,7274526
548,You work with %s.,,,,,,,,7274526
564,%s remains calm.,,,,,,,,7274526
124,%s looks at you with a confused look.,,,,,,,,7274526
153,You cringe away from %s.,,,,,,,,7274526
164,%s expresses his curiosity to everyone.,,,,,,,,7274526
189,You begin to eat in front of %s.,,,,,,,,7274526
208,%s flexes at you.  Oooooh so strong!,,,,,,,,7274526
624,%s is hopelessly lost.,,,,,,,,7274526
625,You are hopelessly lost.,,,,,,,,7274526
626,%s wants %s to know that she is hopelessly lost.,,,,,,,,7274526
629,%s mocks your foolishness.,,,,,,,,7274526
593,You think everyone around you is a son of a motherless ogre.,,,,,,,,7274526
542,%s whistles at you.,,,,,,,,7274526
156,%s cries on %s's shoulder.,,,,,,,,7274526
210,%s flexes his muscles.  Oooooh so strong!,,,,,,,,7274526
306,You laugh at %s.,,,,,,,,7274526
386,%s roars with bestial vigor at %s.  So fierce!,,,,,,,,7274526
800,%s pities those around him.,,,,,,,,983070
805,You growl menacingly at %s.,,,,,,,,983070
589,%s thinks %s is the son of a motherless ogre.,,,,,,,,7274526
590,%s thinks you are the son of a motherless ogre.,,,,,,,,7274526
595,%s introduces himself to %s.,,,,,,,,7274526
832,%s moos at %s. Mooooooooooo.,,,,,,,,983070
835,%s moos. Mooooooooooo.,,,,,,,,983054
398,You make a rude gesture at %s.,,,,,,,,7274526
406,%s scratches %s.  How catty!,,,,,,,,7274526
408,You scratch %s.  How catty!,,,,,,,,7274526
410,"You scratch yourself.  Ah, much better!",,,,,,,,7274526
451,%s bares his teeth and snarls at you.,,,,,,,,7274526
454,You bare your teeth and snarl.,,,,,,,,7274526
456,%s bares her teeth and snarls at you.,,,,,,,,7274526
459,%s spits on you.,,,,,,,,7274526
467,You stare off into the distance.,,,,,,,,7274526
500,%s taps her foot as she waits for %s.,,,,,,,,7274526
502,%s taps her foot.  Hurry up already!,,,,,,,,7274526
510,You threaten %s with the wrath of doom.,,,,,,,,7274526
512,You threaten everyone with the wrath of doom.,,,,,,,,7274526
539,%s whines pathetically.,,,,,,,,7274526
341,"You clearly state, NO.",,,,,,,,7274526
401,%s salutes %s with respect.,,,,,,,,7274526
527,%s waves at you.,,,,,,,,7274526
541,%s whistles at %s.,,,,,,,,7274526
377,You poke %s.  Hey!,,,,,,,,7274526
384,%s prays to the Gods.,,,,,,,,7274526
391,%s rolls on the floor laughing at %s.,,,,,,,,7274526
393,You roll on the floor laughing at %s.,,,,,,,,7274526
409,"%s scratches himself.  Ah, much better!",,,,,,,,7274526
421,%s shakes his rear.,,,,,,,,7274526
434,%s shrugs.  Who knows?,,,,,,,,983054
444,"%s lets out a long, drawn-out sigh.",,,,,,,,7274526
461,%s spits on the ground.,,,,,,,,7274526
477,You surrender to your opponents.,,,,,,,,7274526
493,%s wants to know the meaning of life.,,,,,,,,7274526
498,%s taps his foot.  Hurry up already!,,,,,,,,7274526
507,You thank everyone around you.,,,,,,,,7274526
516,%s lets everyone know that he is tired.,,,,,,,,7274526
524,%s basks in the glory of victory.,,,,,,,,7274526
553,You yawn sleepily at %s.,,,,,,,,7274526
557,%s boggles at you.,,,,,,,,7274526
563,You try to calm %s down.,,,,,,,,7274526
567,%s lets you know that he is cold.,,,,,,,,7274526
578,You need to be comforted.,,,,,,,,7274526
588,You duck for cover.,,,,,,,,7274526
591,You think %s is the son of a motherless ogre.,,,,,,,,7274526
604,%s lets you know that he was just kidding!,,,,,,,,7274526
605,You let %s know that you were just kidding!,,,,,,,,7274526
632,You mock life and all it stands for.,,,,,,,,7274526
5,You agree.,,,,,,,,7274526
11,%s raises his fist in anger at %s.,,,,,,,,7274526
19,%s apologizes to %s.  Sorry!,,,,,,,,7274526
33,You are bashful.,,,,,,,,7274526
670,You let everyone know that you are ready!,,,,,,,,7274526
671,%s lets you know that she is ready!,,,,,,,,7274526
672,%s lets everyone know that she is ready!,,,,,,,,7274526
680,You shiver beside %s. Chilling!,,,,,,,,7274526
681,%s shivers in his boots. Chilling!,,,,,,,,7274526
684,%s shoos %s away. Be gone pest!,,,,,,,,7274526
685,%s shoos you away. Be gone pest!,,,,,,,,7274526
641,%s pounces out from the shadows.,,,,,,,,7274526
646,%s praises the Light.,,,,,,,,7274526
650,You purr at %s.,,,,,,,,7274526
656,%s is puzzled. What's going on here?,,,,,,,,7274526
664,%s looks at you and raises her hand.,,,,,,,,7274526
674,%s shimmies before you.,,,,,,,,7274526
677,You shimmy before the masses.,,,,,,,,7274526
679,%s shivers beside you. Chilling!,,,,,,,,7274526
690,%s slaps you across the face. Ouch!,,,,,,,,7274526
697,You smirk slyly at %s.,,,,,,,,7274526
706,%s snubs %s.,,,,,,,,7274526
711,%s snubs all of the lowly peons around her.,,,,,,,,7274526
721,"You smell the air around you. Wow, someone stinks!",,,,,,,,7274526
48,%s looks around for someone to bite.,,,,,,,,7274526
734,%s lets %s know he is thirsty. Spare a drink?,,,,,,,,7274526
740,%s lets you know she is thirsty. Spare a drink?,,,,,,,,7274526
581,You cuddle up against %s.,,,,,,,,7274526
66,You bonk yourself on the noggin.  Doh!,,,,,,,,7274526
85,You bow before %s.,,,,,,,,7274526
101,%s cackles maniacally at the situation.,,,,,,,,7274526
558,You boggle at %s.,,,,,,,,7274526
173,%s dances with you.,,,,,,,,7274526
157,%s cries on your shoulder.,,,,,,,,7274526
207,%s flexes at %s.  Oooooh so strong!,,,,,,,,7274526
296,You blow a kiss to %s.,,,,,,,,7274526
372,You point at %s.,,,,,,,,7274526
389,%s roars with bestial vigor.  So fierce!,,,,,,,,7274526
436,%s shies away from %s.,,,,,,,,7274526
798,%s looks down upon you with pity.,,,,,,,,983070
802,You pity those around you.,,,,,,,,983070
808,%s barks at %s.,,,,,,,,983070
64,You bonk %s on the noggin.  Doh!,,,,,,,,7274526
78,"%s will be right back.  Sit tight, %s.",,,,,,,,7274526
97,You wave goodbye to everyone.  Farewell!,,,,,,,,7274526
110,"With arms flapping, you strut around %s.  Cluck, Cluck, Chicken!",,,,,,,,7274526
126,%s is hopelessly confused.,,,,,,,,7274526
132,You congratulate everyone around you.,,,,,,,,7274526
144,%s cracks his knuckles while staring at you.,,,,,,,,7274526
158,You cry on %s's shoulder.,,,,,,,,7274526
176,You burst into dance.,,,,,,,,7274526
184,You look at %s and begin to drool.,,,,,,,,7274526
247,You greet everyone warmly.,,,,,,,,7274526
276,You are very happy with %s!,,,,,,,,7274526
218,%s gasps at %s.,,,,,,,,7274526
219,%s gasps at you.,,,,,,,,7274526
200,%s farts loudly.  Whew...what stinks?,,,,,,,,7274526
812,You bark. Woof woof!,,,,,,,,983070
281,You greet %s with a hearty hello!,,,,,,,,7274526
283,You greet everyone with a hearty hello!,,,,,,,,7274526
288,You need a hug!,,,,,,,,7274526
289,%s is hungry.  Maybe %s has some food...,,,,,,,,7274526
291,You are hungry.  Maybe %s has some food...,,,,,,,,7274526
290,%s is hungry.  Maybe you have some food...,,,,,,,,7274526
332,"In quiet contemplation, %s mourns the death of %s.",,,,,,,,7274526
336,"In quiet contemplation, you mourn the loss of the dead.",,,,,,,,7274526
337,%s tells %s NO.  Not going to happen.,,,,,,,,7274526
342,%s nods at %s.,,,,,,,,7274526
355,%s takes one look at you and panics.,,,,,,,,7274526
365,%s pleads with you.,,,,,,,,7274526
382,%s says a prayer for you.,,,,,,,,7274526
394,%s rolls on the floor laughing.,,,,,,,,7274526
395,You roll on the floor laughing.,,,,,,,,7274526
417,%s is too sexy for her tunic...so sexy it hurts.,,,,,,,,7274526
431,%s shrugs at %s.  Who knows?,,,,,,,,7274526
433,You shrug at %s.  Who knows?,,,,,,,,7274526
435,You shrug.  Who knows?,,,,,,,,7274526
452,You bare your teeth and snarl at %s.,,,,,,,,7274526
473,%s surrenders before %s.  Such is the agony of defeat...,,,,,,,,7274526
495,%s taps his foot as he waits for %s.,,,,,,,,7274526
497,You tap your foot as you wait for %s.,,,,,,,,7274526
891,You motion for %s to follow.,,,,,,,,983042
892,%s motions for you to follow.,,,,,,,,983042
895,%s asks you to wait.,,,,,,,,983042
896,You ask %s to wait.,,,,,,,,983042
897,%s asks you to wait.,,,,,,,,983042
899,%s calls out for healing!,,,,,,,,983042
900,You call out for healing!,,,,,,,,983042
903,%s flirts with %s.,,,,,,,,983042
904,%s flirts with you.,,,,,,,,983042
907,You flirt.,,,,,,,,983042
908,%s tells a joke to %s.,,,,,,,,983042
909,%s tells you a joke.,,,,,,,,983042
911,%s tells a joke.,,,,,,,,983042
912,You tell a joke.,,,,,,,,983042
203,%s fidgets impatiently while waiting for you.,,,,,,,,7274526
241,%s gloats over everyone's misfortune.,,,,,,,,7274526
249,%s grins at you wickedly.,,,,,,,,7274526
256,%s begins to groan.,,,,,,,,7274526
260,You grovel before %s like a subservient peon.,,,,,,,,7274526
265,You take one look at %s and let out a guffaw!,,,,,,,,7274526
274,%s is very happy with %s!,,,,,,,,7274526
286,You hug %s.,,,,,,,,7274526
300,%s kneels before you.,,,,,,,,7274526
316,You massage %s's shoulders.,,,,,,,,7274526
328,You drop your trousers and moon everyone.,,,,,,,,7274526
340,"%s clearly states, NO.",,,,,,,,7274526
352,%s picks her nose and shows it to %s.,,,,,,,,7274526
360,%s peers at you searchingly.,,,,,,,,7274526
197,%s brushes up against %s and farts loudly.,,,,,,,,7274526
198,%s brushes up against you and farts loudly.,,,,,,,,7274526
201,You fart loudly.  Whew...what stinks?,,,,,,,,7274526
202,%s fidgets impatiently while waiting for %s.,,,,,,,,7274526
204,You fidget impatiently while waiting for %s.,,,,,,,,7274526
214,%s frowns with disappointment at you.,,,,,,,,7274526
119,%s claps excitedly for you.,,,,,,,,7274526
180,%s raises a drink in the air before chugging it down.  Cheers!,,,,,,,,7274526
215,You frown with disappointment at %s.,,,,,,,,7274526
232,You giggle.,,,,,,,,7274526
240,You gloat over %s's misfortune.,,,,,,,,7274526
272,You hail those around you.,,,,,,,,7274526
275,%s is very happy with you!,,,,,,,,7274526
279,%s greets %s with a hearty hello!,,,,,,,,7274526
602,%s introduces herself to everyone.,,,,,,,,7274526
603,%s lets %s know that he was just kidding!,,,,,,,,7274526
606,%s was just kidding!,,,,,,,,7274526
607,You were just kidding!,,,,,,,,7274526
608,%s lets %s know that she was just kidding!,,,,,,,,7274526
617,%s listens intently to you.,,,,,,,,7274526
630,You mock the foolishness of %s.,,,,,,,,7274526
631,%s mocks life and all it stands for.,,,,,,,,7274526
634,%s ponders your actions.,,,,,,,,7274526
717,"%s smells %s. Wow, someone stinks!",,,,,,,,7274526
719,"You smell %s. Wow, someone stinks!",,,,,,,,7274526
720,"%s smells the air around him. Wow, someone stinks!",,,,,,,,7274526
723,%s makes a taunting gesture at %s. Bring it!,,,,,,,,7274526
745,You veto the motion on the floor.,,,,,,,,7274526
333,"In quiet contemplation, %s mourns your death.",,,,,,,,7274526
335,"In quiet contemplation, %s mourns the loss of the dead.",,,,,,,,7274526
338,%s tells you NO.  Not going to happen.,,,,,,,,7274526
235,You glare angrily at %s.,,,,,,,,7274526
238,%s gloats over %s's misfortune.,,,,,,,,7274526
239,%s gloats over your misfortune.,,,,,,,,7274526
242,You gloat over everyone's misfortune.,,,,,,,,7274526
645,You lavish praise upon %s.,,,,,,,,7274526
659,%s looks at you and raises his hand.,,,,,,,,7274526
676,%s shimmies before the masses.,,,,,,,,7274526
693,You slap yourself across the face. Ouch!,,,,,,,,7274526
708,You snub %s.,,,,,,,,7274526
722,"%s smells the air around her. Wow, someone stinks!",,,,,,,,7274526
744,%s vetoes the motion on the floor.,,,,,,,,7274526
753,%s tickles you.  Hee hee!,,,,,,,,7274526
46,%s bites you.  Ouch!,,,,,,,,7274526
79,%s will be right back.  Sit tight.,,,,,,,,7274526
42,%s begs everyone around him.  How pathetic.,,,,,,,,7274526
94,%s waves goodbye to you.  Farewell!,,,,,,,,7274526
464,%s stares you down.,,,,,,,,7274526
483,You talk to yourself since no one else seems interested.,,,,,,,,7274526
139,%s cowers in fear at the sight of you.,,,,,,,,7274526
760,%s begins to play the world's smallest violin.,,,,,,,,7274526
761,You begin to play the world's smallest violin.,,,,,,,,7274526
762,%s smiles at %s.,,,,,,,,7274526
780,You make a rude gesture at %s.,,,,,,,,7274526
226,%s gazes off into the distance.,,,,,,,,7274526
532,%s welcomes you.,,,,,,,,7274526
703,%s sniffs the air around him.,,,,,,,,7274526
211,You flex your muscles.  Oooooh so strong!,,,,,,,,7274526
397,%s makes a rude gesture at you.,,,,,,,,7274526
803,%s growls menacingly at %.,,,,,,,,983070
412,%s thinks %s is a sexy devil.,,,,,,,,7274526
415,%s is too sexy for his tunic...so sexy it hurts.,,,,,,,,7274526
416,You're too sexy for your tunic...so sexy it hurts.,,,,,,,,7274526
420,You shake your rear at %s.,,,,,,,,7274526
422,You shake your rear.,,,,,,,,7274526
424,%s shakes her rear at you.,,,,,,,,7274526
428,You shout at %s.,,,,,,,,7274526
470,You are suprised by %s's actions.,,,,,,,,7274526
474,%s surrenders before you.  Such is the agony of defeat...,,,,,,,,7274526
482,%s talks to himself since no one else seems interested.,,,,,,,,7274526
488,%s talks excitedly with everyone.,,,,,,,,7274526
726,%s taunts everyone around him. Bring it fools!,,,,,,,,7274526
244,%s greets you warmly.,,,,,,,,7274526
250,You grin wickedly at %s.,,,,,,,,7274526
251,%s grins wickedly.,,,,,,,,7274526
254,%s looks at you and groans.,,,,,,,,7274526
255,You look at %s and groan.,,,,,,,,7274526
263,%s takes one look at %s and lets out a guffaw!,,,,,,,,7274526
270,You hail %s.,,,,,,,,7274526
282,%s greets everyone with a hearty hello!,,,,,,,,7274526
